N,CPU_Time,GPU_Time
1024,0.000031,0.000135
2048,0.000051,0.000143
4096,0.000099,0.000161
8192,0.000200,0.000196
16384,0.000396,0.000284
32768,0.000794,0.000438
65536,0.001601,0.000828
131072,0.003249,0.001564
262144,0.006728,0.002681
524288,0.013568,0.004511
1048576,0.029326,0.008104
2097152,0.056009,0.015077
4194304,0.111949,0.029090
8388608,0.221283,0.057503
16777216,0.444820,0.115022
