N,CPU_Time,GPU_Time
10000,0.000370,0.000302
20000,0.000751,0.000048
40000,0.001482,0.000068
80000,0.003057,0.000137
160000,0.007094,0.000271
320000,0.013952,0.000454
640000,0.024734,0.000839
1280000,0.049215,0.001651
2560000,0.098768,0.003445
5120000,0.197216,0.006665
