N,CPU_Time,GPU_Time
256,0.016615,0.000489
512,0.050466,0.001003
768,0.112751,0.002417
1024,0.205768,0.004337
1280,0.312932,0.006652
1536,0.459437,0.009890
1792,0.613853,0.013278
2048,0.812293,0.017566
2304,1.024893,0.022303
2560,1.258834,0.027373
2816,1.521927,0.033171
3072,1.812854,0.040062
3328,2.115737,0.046733
3584,2.453300,0.054183
3840,2.815074,0.062388
4096,3.203521,0.070568
